PetID,PetType,Breed,Size,AgeMonths,WeightKg,TimeInShelterDays,AdoptionFee,HealthCondition,EnergyLevel
1,Dog,Siberian Husky,Small,14,23.23,27,87.31,Minor Issues,Medium
2,Bird,African Grey,Medium,16,14.34,21,121.37,Healthy,High
3,Rabbit,Havana,Large,30,6.79,10,117.63,Special Needs,High
4,Cat,Abyssinian,Large,44,15.21,0,50.0,Healthy,Medium
5,Dog,Siberian Husky,Large,57,0.5,20,72.98,Healthy,Medium
6,Dog,Beagle,Medium,16,12.02,10,91.96,Healthy,Low
7,Dog,Beagle,Medium,71,13.97,39,50.0,Healthy,High
8,Rabbit,Mini Rex,Large,29,17.55,0,122.37,Healthy,Low
9,Cat,Siamese,Small,35,5.92,26,107.55,Minor Issues,High
10,Rabbit,Dutch,Medium,18,12.51,85,50.0,Minor Issues,Medium
11,Dog,Rottweiler,Small,1,6.45,5,140.21,Special Needs,Medium
12,Bird,African Grey,Large,57,13.53,19,155.79,Minor Issues,High
13,Rabbit,Flemish Giant,Large,53,6.63,2,131.35,Minor Issues,Low
14,Dog,German Shepherd,Small,29,9.55,29,103.8,Healthy,Medium
15,Dog,Bulldog,Large,37,6.03,23,149.57,Minor Issues,Medium
16,Dog,Siberian Husky,Large,48,15.91,15,154.01,Healthy,Low
17,Dog,German Shepherd,Small,1,17.15,22,135.37,Healthy,Medium
18,Cat,Persian,Medium,23,10.59,68,78.77,Healthy,Medium
19,Cat,Bengal,Large,55,12.23,6,133.83,Healthy,High
20,Dog,Siberian Husky,Small,5,3.31,0,179.77,Healthy,Low
21,Cat,Tabby,Medium,43,10.2,59,90.17,Special Needs,High
22,Dog,Beagle,Small,3,11.7,25,224.9,Healthy,Low
23,Dog,Dachshund,Large,47,27.72,66,93.72,Healthy,Low
24,Dog,Poodle,Large,35,5.33,27,121.62,Healthy,Low
25,Cat,Tabby,Large,1,20.79,49,86.38,Healthy,Low
26,Rabbit,Netherland Dwarf,Medium,63,17.98,16,131.16,Healthy,Low
27,Dog,Labrador,Large,18,13.68,41,50.0,Healthy,High
28,Cat,Scottish Fold,Large,16,22.55,73,92.7,Healthy,Medium
29,Cat,Siamese,Medium,40,14.23,25,65.39,Healthy,Low
30,Dog,Dachshund,Large,63,14.33,5,126.77,Minor Issues,Low
31,Cat,Bengal,Small,11,11.68,9,169.72,Minor Issues,High
32,Dog,Rottweiler,Medium,37,19.34,6,152.3,Healthy,High
33,Dog,Poodle,Small,46,18.58,8,50.0,Healthy,Low
34,Bird,Macaw,Small,52,8.25,10,222.1,Healthy,Low
35,Bird,Finch,Small,40,4.08,24,134.76,Minor Issues,Low
36,Rabbit,Dutch,Medium,27,10.78,26,81.18,Healthy,Low
37,Dog,Beagle,Medium,16,7.2,16,127.86,Healthy,Low
38,Dog,Golden Retriever,Large,38,11.62,28,128.81,Minor Issues,Medium
39,Cat,Sphynx,Small,10,19.42,2,86.66,Healthy,Low
40,Cat,British Shorthair,Medium,1,9.26,2,129.9,Healthy,Medium
41,Dog,Dachshund,Medium,46,11.74,5,89.63,Healthy,Low
42,Cat,Maine Coon,Large,57,12.35,21,99.78,Special Needs,High
43,Dog,Rottweiler,Medium,1,17.09,7,85.69,Minor Issues,High
44,Bird,Conure,Medium,11,0.5,9,50.0,Minor Issues,Medium
45,Dog,Labrador,Large,50,8.36,15,127.29,Healthy,Medium
46,Cat,Persian,Medium,85,13.27,50,149.26,Healthy,Medium
47,Dog,Beagle,Small,36,19.2,0,145.74,Special Needs,Medium
48,Cat,Sphynx,Small,18,9.05,31,161.0,Special Needs,High
49,Cat,Tabby,Large,31,0.74,33,136.22,Healthy,Medium
50,Dog,Rottweiler,Small,68,15.72,48,93.36,Minor Issues,High
51,Bird,Canary,Large,20,8.19,80,161.98,Healthy,High
52,Rabbit,English Lop,Medium,16,4.86,0,52.12,Healthy,Medium
53,Bird,Finch,Large,24,8.25,5,74.97,Healthy,Medium
54,Rabbit,Angora,Large,13,10.89,65,71.79,Healthy,Low
55,Cat,Bengal,Large,38,8.37,18,174.0,Special Needs,Low
56,Bird,Finch,Medium,74,0.5,24,167.14,Healthy,Medium
57,Dog,Dachshund,Large,43,17.38,32,144.37,Healthy,Low
58,Dog,Rottweiler,Medium,29,19.65,34,173.6,Special Needs,High
59,Dog,Golden Retriever,Medium,28,15.91,80,76.04,Special Needs,Low
60,Dog,Golden Retriever,Medium,1,5.17,173,137.43,Healthy,Medium
61,Dog,Siberian Husky,Large,57,10.79,38,113.74,Healthy,Medium
62,Dog,Golden Retriever,Large,34,11.96,10,162.34,Healthy,Medium
63,Rabbit,Dutch,Large,31,15.59,63,114.24,Healthy,Medium
64,Dog,Labrador,Medium,112,16.01,1,100.75,Special Needs,High
65,Dog,German Shepherd,Medium,43,7.59,7,147.05,Special Needs,Medium
66,Cat,Siamese,Large,17,12.49,68,163.81,Healthy,Medium
67,Dog,Dachshund,Small,25,14.74,8,86.58,Healthy,Low
68,Rabbit,Angora,Small,63,20.73,7,116.95,Healthy,Medium
69,Dog,Poodle,Medium,38,16.23,4,67.08,Special Needs,High
70,Bird,Conure,Small,1,16.73,58,50.0,Healthy,Medium
71,Rabbit,English Lop,Small,58,12.5,20,130.02,Healthy,High
72,Dog,German Shepherd,Small,19,20.46,33,150.45,Healthy,Medium
73,Dog,Dachshund,Small,80,14.46,8,133.1,Healthy,Low
74,Rabbit,Mini Rex,Small,61,6.83,42,50.0,Healthy,Low
75,Rabbit,Holland Lop,Large,25,20.42,42,102.46,Healthy,Medium
76,Rabbit,Havana,Medium,66,16.19,11,50.0,Special Needs,Medium
77,Rabbit,Lionhead,Medium,37,9.34,15,188.49,Special Needs,High
78,Dog,Poodle,Medium,56,9.12,7,65.7,Minor Issues,Low
79,Dog,Beagle,Small,47,13.78,112,182.77,Healthy,Medium
80,Dog,Boxer,Large,15,14.78,31,167.29,Healthy,Medium
81,Rabbit,Netherland Dwarf,Large,20,13.18,81,74.97,Healthy,Medium
82,Cat,Tabby,Small,60,13.87,10,63.36,Healthy,Low
83,Dog,Poodle,Medium,27,22.2,45,137.52,Special Needs,Low
84,Dog,German Shepherd,Large,26,18.43,43,77.78,Healthy,Low
85,Dog,Bulldog,Large,13,13.14,35,125.12,Healthy,Low
86,Dog,Siberian Husky,Medium,46,17.65,101,95.86,Special Needs,Low
87,Rabbit,Netherland Dwarf,Medium,85,5.8,15,50.0,Special Needs,Low
88,Cat,British Shorthair,Small,10,14.39,4,50.0,Healthy,Medium
89,Rabbit,Mini Rex,Large,36,22.86,33,131.33,Healthy,Medium
90,Cat,Scottish Fold,Small,69,10.69,39,91.92,Healthy,High
91,Dog,German Shepherd,Large,34,6.91,25,92.35,Healthy,Low
92,Rabbit,Holland Lop,Medium,46,8.09,6,154.79,Healthy,Medium
93,Rabbit,Angora,Medium,10,5.46,21,178.67,Healthy,Medium
94,Cat,Ragdoll,Medium,46,7.29,11,106.37,Special Needs,Low
95,Rabbit,Holland Lop,Small,31,9.78,16,102.97,Healthy,High
96,Cat,British Shorthair,Small,59,3.57,31,145.01,Healthy,Low
97,Cat,Abyssinian,Small,64,12.09,41,52.15,Healthy,High
98,Cat,Abyssinian,Small,98,17.41,7,131.16,Healthy,High
99,Dog,Rottweiler,Large,49,6.55,15,147.59,Minor Issues,Medium
100,Dog,German Shepherd,Medium,43,21.12,9,154.01,Healthy,Medium
101,Dog,Bulldog,Small,40,15.06,6,50.0,Healthy,Medium
102,Cat,British Shorthair,Large,27,18.18,45,81.93,Healthy,Medium
103,Dog,Rottweiler,Large,44,8.05,71,76.09,Minor Issues,Medium
104,Cat,Scottish Fold,Large,28,17.13,13,124.99,Healthy,Low
105,Bird,Finch,Large,40,5.45,41,144.04,Minor Issues,Low
106,Dog,Golden Retriever,Small,67,17.34,68,194.84,Healthy,Medium
107,Cat,Sphynx,Medium,11,13.03,56,95.25,Healthy,Medium
108,Rabbit,Dutch,Large,63,15.32,6,95.12,Healthy,High
109,Dog,Bulldog,Medium,67,4.95,93,177.48,Special Needs,Low
110,Dog,Rottweiler,Small,33,6.63,14,134.83,Special Needs,High
111,Dog,Poodle,Large,1,15.58,12,183.38,Healthy,Low
112,Dog,Bulldog,Small,21,6.31,1,134.44,Healthy,Medium
113,Bird,Cockatiel,Small,67,14.78,19,62.14,Healthy,Medium
114,Rabbit,Mini Rex,Medium,35,3.8,3,53.34,Healthy,Medium
115,Cat,Ragdoll,Medium,12,17.09,8,50.0,Healthy,Low
116,Rabbit,Holland Lop,Medium,23,4.6,11,153.1,Special Needs,Medium
117,Rabbit,Havana,Small,56,15.31,49,179.43,Special Needs,High
118,Dog,Labrador,Large,49,15.75,62,212.47,Healthy,Medium
119,Rabbit,Holland Lop,Small,30,7.82,10,162.16,Healthy,Medium
120,Cat,Scottish Fold,Small,27,15.49,58,178.14,Minor Issues,High
121,Rabbit,Dutch,Large,26,13.56,58,91.0,Minor Issues,High
122,Rabbit,Angora,Large,13,8.77,43,62.18,Healthy,Medium
123,Dog,Golden Retriever,Large,74,5.95,4,162.5,Healthy,Low
124,Dog,Boxer,Large,28,0.5,35,140.88,Healthy,High
125,Dog,Beagle,Medium,65,14.1,87,125.37,Healthy,Medium
126,Cat,Abyssinian,Medium,72,2.61,34,139.37,Healthy,Low
127,Rabbit,Lionhead,Small,59,12.57,12,136.16,Healthy,Low
128,Rabbit,Netherland Dwarf,Medium,25,10.42,20,184.19,Healthy,High
129,Dog,Dachshund,Medium,45,16.07,31,184.75,Healthy,Low
130,Cat,Ragdoll,Small,35,10.19,21,147.21,Healthy,High
131,Cat,Tabby,Large,14,10.02,3,162.29,Healthy,Low
132,Dog,Boxer,Medium,43,16.39,11,145.7,Minor Issues,High
133,Dog,Boxer,Small,7,14.01,48,96.94,Minor Issues,Medium
134,Dog,Dachshund,Small,64,13.9,59,157.83,Healthy,Medium
135,Bird,Parakeet,Medium,24,14.82,4,50.28,Healthy,High
136,Dog,Rottweiler,Small,40,2.79,91,172.69,Special Needs,Medium
137,Cat,Sphynx,Large,42,16.54,11,60.27,Healthy,Medium
138,Rabbit,English Lop,Medium,29,15.67,32,134.29,Healthy,Low
139,Dog,Boxer,Medium,50,5.9,41,77.74,Healthy,Low
140,Bird,Cockatiel,Medium,24,10.54,50,147.67,Healthy,Low
141,Bird,Lovebird,Large,56,11.76,87,118.3,Healthy,Medium
142,Dog,Beagle,Medium,3,11.19,11,50.0,Special Needs,Low
143,Cat,Maine Coon,Medium,39,14.0,58,141.03,Healthy,Low
144,Dog,Bulldog,Medium,82,20.59,4,91.1,Healthy,Medium
145,Dog,Dachshund,Small,11,18.49,36,164.06,Special Needs,Medium
146,Dog,Boxer,Large,19,4.13,40,120.07,Healthy,High
147,Cat,Bengal,Large,48,15.73,33,139.77,Healthy,Low
148,Cat,Scottish Fold,Medium,40,19.97,8,72.12,Healthy,Low
149,Dog,Poodle,Large,44,14.32,61,90.53,Healthy,High
150,Dog,Poodle,Large,47,18.55,5,97.07,Healthy,Low
151,Bird,Conure,Large,51,24.07,1,162.84,Healthy,High
152,Dog,Dachshund,Large,62,18.14,37,203.87,Healthy,High
153,Dog,Dachshund,Medium,45,13.5,19,79.74,Healthy,High
154,Cat,Bengal,Medium,30,18.27,56,173.84,Healthy,Low
155,Bird,Finch,Medium,52,12.87,14,50.0,Healthy,High
156,Dog,Labrador,Large,81,12.14,5,60.29,Healthy,High
157,Cat,British Shorthair,Small,32,9.89,54,72.06,Healthy,Medium
158,Rabbit,Holland Lop,Large,12,21.38,23,52.37,Healthy,Medium
159,Dog,Bulldog,Large,62,7.09,6,50.0,Special Needs,Low
160,Rabbit,Havana,Small,33,21.19,38,140.65,Healthy,Low
161,Dog,German Shepherd,Large,1,15.0,21,109.3,Healthy,Medium
162,Cat,British Shorthair,Small,56,3.6,27,138.97,Minor Issues,Medium
163,Cat,British Shorthair,Medium,23,14.21,18,154.52,Healthy,Medium
164,Cat,Bengal,Large,33,0.5,52,133.28,Healthy,Medium
165,Dog,Labrador,Small,43,15.75,53,152.89,Minor Issues,Medium
166,Rabbit,English Lop,Large,40,17.31,37,116.52,Minor Issues,Medium
167,Dog,Golden Retriever,Large,53,8.45,3,60.65,Healthy,High
168,Dog,Boxer,Medium,25,12.74,54,172.89,Healthy,Low
169,Dog,Rottweiler,Small,48,23.72,33,90.54,Healthy,Medium
170,Cat,Tabby,Small,29,8.97,35,73.22,Minor Issues,Low
171,Cat,Ragdoll,Medium,53,5.65,13,111.1,Healthy,Medium
172,Dog,Poodle,Large,50,20.89,63,74.36,Healthy,High
173,Cat,Bengal,Medium,13,23.78,38,99.13,Minor Issues,High
174,Dog,Golden Retriever,Small,62,12.02,3,137.2,Healthy,Low
175,Cat,Maine Coon,Medium,23,18.07,15,137.42,Minor Issues,High
176,Dog,Beagle,Medium,55,20.05,65,75.11,Healthy,Low
177,Cat,Abyssinian,Large,44,7.55,1,95.61,Healthy,Medium
178,Dog,Dachshund,Small,80,9.09,97,173.72,Healthy,Low
179,Bird,Finch,Large,30,19.39,34,144.82,Minor Issues,High
180,Dog,Dachshund,Medium,27,22.11,29,223.75,Healthy,Medium
181,Dog,Labrador,Large,35,15.38,9,179.01,Healthy,Medium
182,Dog,Poodle,Medium,28,6.72,8,177.21,Healthy,High
183,Bird,Lovebird,Medium,55,23.92,85,50.61,Minor Issues,Low
184,Rabbit,Havana,Large,1,8.81,10,158.19,Special Needs,Low
185,Dog,Bulldog,Small,10,9.99,44,117.34,Healthy,High
186,Cat,Bengal,Large,10,14.05,14,92.45,Healthy,Medium
187,Rabbit,English Lop,Medium,58,21.32,4,128.4,Special Needs,Low
188,Cat,Abyssinian,Small,77,17.12,0,167.26,Healthy,Medium
189,Cat,Ragdoll,Medium,33,14.49,23,145.04,Healthy,Medium
190,Dog,Bulldog,Large,31,14.78,111,76.08,Healthy,Low
191,Dog,Golden Retriever,Small,37,12.26,13,157.12,Minor Issues,Low
192,Rabbit,Mini Rex,Medium,63,15.35,13,88.12,Healthy,Low
193,Bird,Lovebird,Medium,13,0.5,12,130.83,Healthy,Medium
194,Cat,Persian,Medium,41,10.22,22,104.83,Healthy,High
195,Dog,Rottweiler,Small,59,13.45,17,109.06,Healthy,High
196,Dog,Dachshund,Large,48,5.09,63,158.31,Healthy,Medium
197,Rabbit,Netherland Dwarf,Large,40,14.32,21,67.99,Healthy,Low
198,Rabbit,English Lop,Large,60,10.77,21,217.26,Healthy,High
199,Rabbit,Angora,Large,1,22.53,4,50.0,Healthy,Medium
200,Rabbit,Mini Rex,Small,52,21.44,121,90.12,Healthy,Low
201,Cat,Tabby,Large,20,9.21,8,138.51,Minor Issues,High
202,Dog,Poodle,Small,1,11.09,2,149.22,Minor Issues,High
203,Dog,Siberian Husky,Small,48,11.56,32,114.98,Minor Issues,High
204,Rabbit,Angora,Medium,68,9.29,27,117.13,Healthy,High
205,Cat,Sphynx,Medium,32,13.17,16,140.53,Healthy,Low
206,Dog,Poodle,Large,58,7.45,16,108.45,Healthy,Low
207,Dog,Siberian Husky,Medium,74,5.22,46,189.66,Special Needs,Medium
208,Cat,Ragdoll,Medium,67,15.74,6,161.97,Minor Issues,Low
209,Dog,Golden Retriever,Small,75,15.78,51,163.64,Minor Issues,Medium
210,Dog,Boxer,Large,53,7.17,31,71.69,Healthy,High
211,Cat,Scottish Fold,Medium,37,17.37,16,116.03,Healthy,High
212,Cat,Sphynx,Medium,1,8.21,18,104.98,Healthy,Medium
213,Cat,British Shorthair,Small,30,13.52,8,69.72,Healthy,High
214,Dog,Boxer,Large,15,16.92,41,138.01,Healthy,High
215,Rabbit,Holland Lop,Medium,88,11.8,21,93.12,Special Needs,Medium
216,Dog,German Shepherd,Small,31,14.73,11,152.77,Healthy,Low
217,Dog,Boxer,Small,38,8.9,27,66.49,Healthy,Low
218,Rabbit,English Lop,Medium,49,10.82,163,205.95,Healthy,Medium
219,Cat,Bengal,Medium,37,10.76,17,75.18,Special Needs,Low
220,Rabbit,Angora,Small,76,7.52,76,130.97,Healthy,Low
221,Cat,Ragdoll,Large,21,10.94,12,159.59,Healthy,Low
222,Cat,Persian,Small,40,2.71,1,91.47,Special Needs,Medium
223,Dog,Beagle,Medium,18,9.05,6,162.62,Healthy,High
224,Dog,Labrador,Large,4,10.29,16,58.54,Healthy,Low
225,Dog,Golden Retriever,Medium,21,10.46,7,192.61,Healthy,High
226,Dog,Beagle,Medium,35,10.55,0,120.71,Healthy,Medium
227,Bird,Parakeet,Medium,25,11.63,73,90.18,Minor Issues,Low
228,Dog,Boxer,Small,19,14.88,55,105.04,Minor Issues,High
229,Rabbit,Lionhead,Large,2,17.25,40,160.45,Healthy,Medium
230,Cat,Bengal,Medium,34,8.1,5,90.78,Healthy,Medium
231,Rabbit,English Lop,Large,1,4.78,3,82.53,Healthy,High
232,Cat,Abyssinian,Small,54,5.75,2,108.92,Healthy,Low
233,Cat,British Shorthair,Small,37,9.08,38,61.15,Healthy,Medium
234,Cat,British Shorthair,Small,1,9.89,79,211.03,Healthy,Low
235,Dog,Dachshund,Medium,28,7.38,16,91.68,Healthy,High
236,Rabbit,Flemish Giant,Medium,17,4.22,3,161.58,Minor Issues,Medium
237,Dog,Poodle,Large,43,9.26,21,130.47,Healthy,Medium
238,Dog,German Shepherd,Medium,68,13.09,12,70.77,Healthy,Low
239,Cat,Persian,Large,1,15.57,14,119.7,Healthy,Medium
240,Dog,Bulldog,Small,38,8.66,29,159.2,Minor Issues,High
241,Bird,Parakeet,Large,32,9.52,38,110.59,Healthy,Medium
242,Bird,Canary,Large,52,6.44,3,179.66,Healthy,Medium
243,Bird,Lovebird,Large,41,11.81,1,171.08,Healthy,Medium
244,Dog,Rottweiler,Large,17,6.91,155,165.95,Minor Issues,High
245,Dog,German Shepherd,Large,28,15.44,7,97.02,Healthy,Medium
246,Bird,African Grey,Medium,16,1.28,1,66.01,Minor Issues,High
247,Cat,Persian,Small,61,9.84,6,89.32,Special Needs,High
248,Bird,Finch,Small,36,13.81,1,129.81,Minor Issues,Medium
249,Bird,Lovebird,Large,81,13.1,14,147.29,Healthy,Low
250,Rabbit,Mini Rex,Medium,34,28.16,48,50.0,Healthy,Medium
251,Dog,Poodle,Large,18,14.1,12,119.59,Healthy,High
252,Dog,Labrador,Medium,1,5.98,17,127.9,Special Needs,Low
253,Rabbit,Havana,Small,1,11.43,33,106.12,Healthy,Medium
254,Dog,Poodle,Small,1,1.34,21,184.56,Healthy,High
255,Dog,Golden Retriever,Medium,42,11.52,59,141.09,Healthy,Medium
256,Cat,Persian,Medium,48,7.0,60,185.51,Healthy,Medium
257,Bird,Parakeet,Small,1,17.49,0,109.2,Healthy,Low
258,Cat,British Shorthair,Medium,57,8.7,45,166.87,Healthy,Low
259,Cat,Tabby,Small,24,11.3,18,201.75,Healthy,High
260,Dog,Boxer,Medium,39,8.19,134,185.58,Minor Issues,Low
261,Cat,Sphynx,Small,74,22.43,19,65.39,Healthy,Low
262,Bird,Conure,Large,57,10.07,130,107.32,Healthy,High
263,Dog,Labrador,Medium,29,23.0,42,102.74,Healthy,Medium
264,Cat,Bengal,Medium,14,16.88,8,144.46,Healthy,High
265,Rabbit,Dutch,Small,1,14.89,23,154.32,Minor Issues,High
266,Rabbit,Holland Lop,Small,18,14.21,145,78.06,Healthy,Low
267,Cat,British Shorthair,Medium,30,14.36,58,123.39,Healthy,Low
268,Rabbit,Flemish Giant,Medium,12,0.5,3,50.0,Healthy,High
269,Dog,Labrador,Medium,32,10.33,36,192.1,Special Needs,Medium
270,Dog,Labrador,Small,37,17.07,12,94.38,Healthy,Low
271,Rabbit,Angora,Medium,30,11.71,0,122.79,Minor Issues,High
272,Rabbit,Angora,Large,20,3.57,15,104.52,Healthy,Low
273,Rabbit,Holland Lop,Large,40,11.69,8,177.3,Healthy,High
274,Bird,Canary,Small,46,22.22,51,50.0,Healthy,Low
275,Cat,Ragdoll,Medium,9,19.48,12,119.17,Minor Issues,Low
276,Cat,Scottish Fold,Small,69,11.63,52,114.71,Healthy,Low
277,Rabbit,Flemish Giant,Small,33,17.71,0,97.32,Special Needs,High
278,Cat,Siamese,Large,36,9.8,11,206.31,Healthy,Medium
279,Rabbit,Flemish Giant,Small,52,1.78,8,75.63,Healthy,High
280,Rabbit,English Lop,Medium,41,6.45,7,158.59,Healthy,Medium
281,Rabbit,Lionhead,Medium,58,21.38,2,137.81,Minor Issues,Medium
282,Dog,Beagle,Large,42,10.36,6,183.08,Healthy,Low
283,Dog,Bulldog,Medium,21,10.54,24,86.64,Minor Issues,Medium
284,Dog,Siberian Husky,Small,44,10.2,10,83.35,Special Needs,Medium
285,Cat,British Shorthair,Medium,8,23.42,16,174.8,Special Needs,Medium
286,Dog,Poodle,Medium,38,21.76,14,141.27,Healthy,Low
287,Cat,Tabby,Small,35,25.31,62,50.0,Healthy,High
288,Cat,Abyssinian,Medium,31,11.05,70,93.03,Minor Issues,Low
289,Dog,Golden Retriever,Small,32,13.77,20,139.32,Healthy,High
290,Cat,Ragdoll,Small,1,2.9,12,161.89,Healthy,Low
291,Dog,Rottweiler,Medium,22,20.86,3,86.04,Healthy,Medium
292,Dog,Poodle,Small,38,4.99,91,50.0,Healthy,Medium
293,Rabbit,Lionhead,Medium,39,13.3,1,146.16,Healthy,Medium
294,Dog,Siberian Husky,Medium,11,5.42,10,58.98,Healthy,Medium
295,Dog,Siberian Husky,Large,66,8.47,10,50.0,Healthy,Medium
296,Cat,Bengal,Small,15,6.98,11,50.0,Healthy,Medium
297,Rabbit,Flemish Giant,Small,59,8.35,5,160.7,Healthy,High
298,Dog,Boxer,Small,46,8.77,45,126.43,Healthy,Medium
299,Cat,Tabby,Medium,20,8.71,3,108.72,Healthy,High
300,Dog,Siberian Husky,Large,78,17.0,30,189.45,Healthy,Low
301,Dog,Poodle,Small,7,5.37,3,151.87,Healthy,Medium
302,Cat,Bengal,Large,58,13.32,2,200.82,Healthy,Medium
303,Cat,Persian,Small,60,19.31,72,50.36,Healthy,Medium
304,Cat,Bengal,Medium,19,8.92,6,118.27,Minor Issues,Medium
305,Rabbit,Holland Lop,Large,69,7.69,51,50.0,Healthy,Medium
306,Bird,Finch,Large,29,10.62,23,108.53,Minor Issues,Low
307,Cat,Sphynx,Large,42,19.08,2,107.57,Healthy,Low
308,Dog,Golden Retriever,Large,42,13.16,93,151.33,Healthy,Low
309,Rabbit,Netherland Dwarf,Medium,32,8.81,8,122.28,Healthy,Medium
310,Dog,Poodle,Large,55,14.9,58,151.17,Healthy,Medium
311,Cat,British Shorthair,Small,55,5.39,5,155.17,Healthy,High
312,Dog,Bulldog,Large,1,16.09,57,227.75,Healthy,High
313,Dog,Golden Retriever,Medium,67,14.45,0,104.24,Healthy,Low
314,Bird,African Grey,Large,1,10.15,21,72.95,Healthy,High
315,Rabbit,Lionhead,Medium,60,6.97,44,132.3,Healthy,High
316,Cat,Scottish Fold,Medium,63,6.68,81,79.89,Special Needs,Medium
317,Cat,Maine Coon,Medium,9,15.21,71,194.1,Healthy,Medium
318,Dog,Dachshund,Large,26,19.37,51,105.84,Healthy,High
319,Dog,Siberian Husky,Small,9,8.18,65,91.72,Healthy,Medium
320,Dog,Rottweiler,Small,30,14.75,6,96.43,Healthy,High
321,Cat,Maine Coon,Small,28,0.5,10,155.92,Minor Issues,Low
322,Rabbit,Angora,Small,54,8.49,10,112.11,Healthy,Low
323,Cat,Abyssinian,Large,67,11.81,14,87.92,Healthy,Medium
324,Dog,Rottweiler,Small,69,6.54,14,203.27,Minor Issues,Medium
325,Bird,Parakeet,Large,22,6.38,23,77.19,Healthy,High
326,Rabbit,Mini Rex,Medium,30,7.99,5,121.78,Healthy,High
327,Cat,Maine Coon,Small,1,13.75,35,152.62,Special Needs,Medium
328,Cat,Bengal,Large,16,10.88,5,50.0,Healthy,Low
329,Cat,Ragdoll,Medium,59,0.5,11,144.01,Healthy,High
330,Dog,Rottweiler,Medium,74,0.5,20,67.24,Healthy,Medium
331,Dog,Bulldog,Medium,6,8.36,47,161.14,Healthy,Low
332,Rabbit,English Lop,Large,21,14.75,40,71.87,Healthy,Medium
333,Dog,German Shepherd,Small,35,0.5,31,154.64,Minor Issues,High
334,Dog,Dachshund,Large,42,9.0,5,175.29,Healthy,High
335,Dog,Dachshund,Large,16,8.84,23,163.07,Minor Issues,Medium
336,Dog,Rottweiler,Medium,46,20.33,2,132.57,Special Needs,Medium
337,Rabbit,Angora,Small,24,9.69,14,108.43,Healthy,High
338,Rabbit,Netherland Dwarf,Medium,35,14.3,16,91.18,Healthy,Medium
339,Cat,Bengal,Small,49,12.85,1,193.55,Healthy,Medium
340,Dog,Boxer,Small,36,0.5,9,85.03,Special Needs,Low
341,Cat,Maine Coon,Small,25,16.61,93,68.15,Minor Issues,High
342,Cat,Persian,Medium,33,13.29,92,153.27,Healthy,Low
343,Dog,German Shepherd,Large,33,15.05,13,80.19,Healthy,Low
344,Cat,Bengal,Large,27,35.56,1,72.5,Healthy,Medium
345,Dog,Bulldog,Large,29,0.5,5,50.0,Special Needs,Low
346,Cat,Abyssinian,Medium,74,22.35,14,95.85,Healthy,Medium
347,Cat,Ragdoll,Medium,49,10.28,88,115.86,Healthy,Low
348,Dog,Poodle,Medium,28,13.72,4,132.15,Minor Issues,Medium
349,Dog,Rottweiler,Large,52,11.73,43,167.57,Healthy,Low
350,Cat,Persian,Small,27,9.45,3,146.34,Healthy,Low
351,Cat,British Shorthair,Large,64,8.58,119,110.46,Healthy,Low
352,Rabbit,English Lop,Medium,44,13.98,14,110.09,Healthy,High
353,Cat,Bengal,Medium,33,2.9,44,145.51,Healthy,High
354,Dog,Poodle,Large,46,16.5,12,183.63,Special Needs,Low
355,Dog,Bulldog,Medium,1,9.5,29,126.32,Healthy,High
356,Cat,Persian,Large,8,5.22,6,96.54,Healthy,Medium
357,Dog,Siberian Husky,Large,7,9.3,4,70.36,Healthy,High
358,Cat,Sphynx,Medium,39,19.54,83,50.0,Healthy,Medium
359,Bird,Quaker Parrot,Small,77,8.79,74,153.31,Healthy,Medium
360,Cat,Bengal,Medium,89,14.15,65,148.9,Minor Issues,Low
361,Dog,German Shepherd,Large,51,7.61,29,148.87,Minor Issues,Medium
362,Cat,Siamese,Small,48,16.55,49,113.57,Healthy,High
363,Cat,Sphynx,Medium,1,16.11,2,190.35,Healthy,Medium
364,Cat,Abyssinian,Medium,22,23.09,12,95.79,Healthy,Low
365,Bird,Cockatiel,Large,17,10.95,11,167.76,Special Needs,Low
366,Dog,German Shepherd,Small,21,16.01,30,118.06,Healthy,High
367,Bird,Macaw,Large,31,12.59,13,89.58,Minor Issues,Medium
368,Bird,Finch,Large,24,19.78,4,149.63,Healthy,Medium
369,Dog,Dachshund,Small,1,7.69,27,140.48,Special Needs,High
370,Dog,German Shepherd,Small,53,16.47,50,137.85,Minor Issues,Low
371,Dog,Boxer,Large,10,10.83,14,124.06,Minor Issues,Medium
372,Dog,Beagle,Small,41,11.61,4,118.11,Healthy,High
373,Dog,Boxer,Large,85,12.55,6,239.42,Healthy,Medium
374,Cat,Ragdoll,Medium,13,13.51,8,179.21,Healthy,Low
375,Dog,Golden Retriever,Small,1,11.3,10,156.14,Minor Issues,Medium
376,Dog,Beagle,Large,29,13.29,30,125.59,Healthy,High
377,Rabbit,Netherland Dwarf,Medium,62,21.47,27,170.36,Special Needs,Low
378,Dog,Dachshund,Medium,83,17.91,35,145.9,Minor Issues,High
379,Rabbit,Angora,Medium,6,17.21,13,121.31,Healthy,High
380,Dog,Bulldog,Medium,47,9.27,52,104.82,Minor Issues,Low
381,Dog,Rottweiler,Small,24,6.66,6,115.95,Healthy,High
382,Cat,Scottish Fold,Medium,33,17.73,18,50.0,Healthy,Medium
383,Cat,Ragdoll,Large,99,17.26,48,130.53,Healthy,Medium
384,Rabbit,Angora,Small,1,20.84,5,95.58,Healthy,High
385,Rabbit,Netherland Dwarf,Medium,42,8.38,3,199.63,Minor Issues,High
386,Rabbit,Dutch,Medium,47,10.62,64,120.97,Healthy,Low
387,Dog,Labrador,Large,62,2.16,12,60.55,Healthy,Medium
388,Dog,Labrador,Small,38,9.65,34,117.51,Healthy,Medium
389,Rabbit,Angora,Large,43,17.98,0,67.69,Minor Issues,Medium
390,Rabbit,Mini Rex,Medium,26,9.2,35,143.67,Healthy,Medium
391,Bird,Quaker Parrot,Small,42,15.84,11,134.55,Minor Issues,Low
392,Cat,Ragdoll,Small,27,10.86,1,167.89,Healthy,Medium
393,Dog,Poodle,Small,50,13.94,28,80.46,Healthy,Medium
394,Rabbit,English Lop,Medium,27,5.11,8,121.7,Healthy,Low
395,Dog,Bulldog,Medium,45,12.51,14,51.75,Healthy,High
396,Bird,Parakeet,Large,35,0.5,2,155.07,Minor Issues,High
397,Rabbit,Dutch,Medium,63,10.88,4,145.94,Healthy,Medium
398,Cat,Siamese,Small,34,2.22,10,144.79,Minor Issues,Low
399,Rabbit,Dutch,Medium,1,19.24,2,120.08,Healthy,Medium
400,Rabbit,English Lop,Large,66,16.66,72,140.74,Healthy,Low
401,Dog,Poodle,Small,14,14.8,0,200.22,Special Needs,Low
402,Bird,Parakeet,Small,20,21.13,19,105.75,Minor Issues,High
403,Cat,Ragdoll,Small,21,6.31,3,126.93,Healthy,Low
404,Rabbit,Holland Lop,Large,68,22.48,11,65.69,Healthy,Low
405,Dog,Golden Retriever,Medium,1,17.59,78,76.59,Healthy,Low
406,Rabbit,Dutch,Medium,111,10.58,5,124.89,Healthy,Low
407,Dog,Rottweiler,Large,61,18.81,101,175.2,Minor Issues,Low
408,Dog,Beagle,Large,41,5.36,6,107.19,Minor Issues,High
409,Bird,Parakeet,Medium,34,7.05,40,108.2,Healthy,Low
410,Dog,Labrador,Large,42,8.35,23,99.66,Special Needs,Low
411,Dog,Beagle,Small,48,8.83,64,93.26,Healthy,Low
412,Bird,African Grey,Small,51,5.66,24,134.75,Healthy,High
413,Bird,Conure,Small,49,19.34,22,50.0,Healthy,Medium
414,Cat,Tabby,Small,38,10.45,6,184.05,Healthy,Medium
415,Cat,Scottish Fold,Medium,31,14.12,5,86.73,Healthy,High
416,Cat,Persian,Large,32,8.58,74,156.1,Healthy,Medium
417,Dog,Siberian Husky,Small,31,1.08,11,56.5,Healthy,Medium
418,Dog,Rottweiler,Small,63,13.62,13,153.44,Healthy,Low
419,Cat,Maine Coon,Medium,50,0.53,42,153.6,Minor Issues,Medium
420,Rabbit,Netherland Dwarf,Large,1,11.59,12,139.21,Healthy,Medium
421,Rabbit,Dutch,Medium,51,3.79,91,70.28,Healthy,Medium
422,Rabbit,Mini Rex,Medium,40,23.92,40,132.48,Minor Issues,Low
423,Dog,Siberian Husky,Small,35,17.47,27,60.85,Special Needs,Medium
424,Cat,Maine Coon,Small,26,12.63,63,107.36,Special Needs,Low
425,Dog,German Shepherd,Large,62,19.58,1,171.47,Healthy,Low
426,Cat,Abyssinian,Large,58,6.92,8,159.84,Healthy,Medium
427,Cat,Bengal,Small,17,15.26,18,120.76,Healthy,High
428,Rabbit,Flemish Giant,Large,45,13.2,7,71.26,Healthy,Medium
429,Dog,Dachshund,Medium,12,13.58,40,152.28,Special Needs,Medium
430,Dog,Boxer,Large,2,19.63,75,120.97,Healthy,Low
431,Dog,German Shepherd,Medium,20,16.39,16,50.0,Healthy,Low
432,Rabbit,Netherland Dwarf,Medium,56,13.73,12,159.13,Healthy,Low
433,Cat,Maine Coon,Medium,58,2.07,97,118.79,Healthy,Medium
434,Dog,Rottweiler,Medium,48,6.24,17,180.12,Minor Issues,Low
435,Dog,Labrador,Small,53,11.26,20,65.24,Healthy,Low
436,Rabbit,Netherland Dwarf,Small,48,12.56,12,50.0,Healthy,High
437,Dog,Siberian Husky,Medium,20,5.22,72,133.95,Healthy,Low
438,Rabbit,Lionhead,Large,46,26.47,25,134.58,Healthy,Medium
439,Rabbit,Holland Lop,Small,55,21.1,43,50.0,Healthy,Medium
440,Dog,Beagle,Medium,54,15.61,50,71.08,Healthy,Medium
441,Dog,Siberian Husky,Large,64,12.43,12,257.76,Healthy,Medium
442,Bird,African Grey,Small,52,10.73,17,104.72,Minor Issues,Medium
443,Dog,Boxer,Medium,44,6.29,56,156.55,Special Needs,Low
444,Dog,Labrador,Medium,61,12.46,13,87.47,Special Needs,High
445,Rabbit,Mini Rex,Large,35,13.55,47,50.0,Special Needs,High
446,Bird,Cockatiel,Small,14,4.55,84,111.49,Healthy,Low
447,Bird,Quaker Parrot,Medium,32,14.01,29,106.72,Healthy,Low
448,Rabbit,Angora,Large,18,11.07,40,100.01,Healthy,High
449,Dog,Poodle,Large,19,0.55,49,114.27,Minor Issues,Medium
450,Dog,Bulldog,Medium,32,6.84,55,133.21,Special Needs,Medium
451,Rabbit,Dutch,Medium,16,9.52,15,112.49,Minor Issues,Medium
452,Cat,Persian,Medium,28,23.33,1,56.8,Healthy,Low
453,Cat,Siamese,Large,1,15.34,15,144.31,Special Needs,Medium
454,Bird,Parakeet,Medium,41,3.99,33,50.0,Healthy,Medium
455,Dog,Dachshund,Small,36,14.92,17,50.0,Healthy,Low
456,Cat,Persian,Large,16,2.72,41,156.96,Healthy,Medium
457,Dog,German Shepherd,Medium,51,18.5,13,145.35,Healthy,High
458,Cat,Tabby,Medium,58,9.17,30,117.13,Healthy,Medium
459,Dog,Rottweiler,Small,1,11.44,6,50.23,Healthy,Low
460,Dog,German Shepherd,Medium,17,19.95,41,84.6,Healthy,Medium
461,Dog,Dachshund,Medium,17,4.28,23,106.86,Healthy,High
462,Cat,Persian,Medium,13,3.62,6,50.0,Minor Issues,High
463,Rabbit,Mini Rex,Small,55,8.5,10,83.05,Healthy,Medium
464,Cat,Tabby,Medium,31,18.23,41,152.62,Healthy,Low
465,Bird,Canary,Large,29,2.88,19,191.37,Minor Issues,High
466,Dog,German Shepherd,Small,1,0.5,7,99.03,Special Needs,Medium
467,Dog,Siberian Husky,Large,51,9.29,102,157.82,Healthy,Low
468,Rabbit,Flemish Giant,Medium,6,15.31,37,50.0,Healthy,Medium
469,Dog,Dachshund,Large,37,19.2,94,152.97,Healthy,Medium
470,Bird,Canary,Large,42,9.22,16,79.8,Healthy,Medium
471,Dog,Labrador,Medium,68,9.53,19,135.37,Healthy,Low
472,Bird,Quaker Parrot,Large,4,18.92,68,107.61,Minor Issues,Medium
473,Dog,Boxer,Large,1,0.78,22,186.02,Healthy,High
474,Rabbit,Angora,Medium,40,9.67,36,76.28,Minor Issues,High
475,Cat,Scottish Fold,Medium,79,13.14,8,151.38,Minor Issues,High
476,Bird,Parakeet,Medium,65,14.7,17,106.02,Special Needs,High
477,Dog,Dachshund,Large,41,8.94,3,112.08,Healthy,Low
478,Cat,Maine Coon,Large,24,12.21,6,110.81,Special Needs,Medium
479,Bird,Quaker Parrot,Large,55,0.5,0,77.72,Healthy,Medium
480,Cat,Abyssinian,Medium,12,8.05,1,119.3,Healthy,High
481,Cat,Siamese,Large,47,14.72,113,116.87,Healthy,Low
482,Cat,Sphynx,Small,48,6.11,8,132.06,Healthy,High
483,Cat,British Shorthair,Medium,61,12.35,32,124.23,Minor Issues,Medium
484,Cat,Persian,Small,102,14.68,54,159.9,Healthy,High
485,Cat,British Shorthair,Medium,45,9.94,23,166.18,Healthy,Low
486,Bird,Lovebird,Medium,23,13.02,4,67.47,Healthy,Low
487,Dog,Beagle,Medium,35,6.22,39,163.44,Healthy,High
488,Dog,Beagle,Medium,1,10.76,27,60.68,Healthy,Low
489,Bird,Quaker Parrot,Medium,19,15.66,39,149.39,Minor Issues,High
490,Rabbit,Angora,Medium,26,12.94,44,150.99,Healthy,Low
491,Cat,Abyssinian,Small,23,8.48,111,50.0,Healthy,Medium
492,Cat,Tabby,Medium,39,13.35,25,124.65,Healthy,Medium
493,Dog,Bulldog,Small,16,16.29,12,96.58,Healthy,Medium
494,Dog,Labrador,Small,62,0.5,31,82.06,Healthy,Medium
495,Cat,Scottish Fold,Medium,36,18.95,2,187.54,Healthy,Medium
496,Dog,Rottweiler,Medium,35,9.98,68,87.32,Special Needs,Low
497,Cat,Tabby,Medium,28,14.55,3,79.68,Healthy,Low
498,Dog,Dachshund,Medium,39,19.18,11,123.78,Healthy,Medium
499,Bird,Canary,Medium,55,3.77,50,154.28,Healthy,Medium
500,Bird,Parakeet,Large,15,7.74,27,112.92,Minor Issues,High
501,Cat,Sphynx,Medium,20,10.27,15,178.32,Healthy,Medium
502,Cat,Maine Coon,Medium,28,7.3,19,146.55,Healthy,Medium
503,Dog,Bulldog,Small,3,22.41,57,50.0,Minor Issues,Medium
504,Rabbit,Angora,Medium,16,6.86,12,93.53,Healthy,Low
505,Cat,Siamese,Medium,24,8.67,61,91.91,Healthy,Medium
506,Dog,Bulldog,Medium,56,13.23,2,143.97,Healthy,High
507,Bird,Macaw,Medium,42,4.79,44,50.0,Healthy,High
508,Rabbit,Mini Rex,Medium,40,9.63,56,247.45,Healthy,Medium
509,Bird,Quaker Parrot,Medium,56,13.9,6,146.55,Healthy,Medium
510,Rabbit,Holland Lop,Large,32,10.0,16,127.44,Healthy,High
511,Cat,Siamese,Large,45,11.44,5,179.08,Healthy,Medium
512,Cat,Siamese,Large,33,8.82,36,237.18,Healthy,Low
513,Bird,Macaw,Large,42,2.91,22,163.54,Special Needs,Low
514,Rabbit,Dutch,Small,22,13.93,30,167.44,Minor Issues,Medium
515,Dog,Bulldog,Small,1,22.53,6,126.53,Minor Issues,High
516,Dog,Bulldog,Small,32,12.11,7,112.92,Healthy,Medium
517,Dog,Golden Retriever,Medium,70,13.35,1,96.21,Healthy,Low
518,Rabbit,Dutch,Large,58,16.16,11,78.69,Healthy,Low
519,Bird,Macaw,Small,59,4.38,24,85.65,Healthy,High
520,Dog,Siberian Husky,Large,65,22.22,58,52.47,Special Needs,High
521,Cat,Siamese,Small,38,13.21,32,116.21,Healthy,Medium
522,Dog,Beagle,Large,40,21.79,17,50.0,Healthy,Medium
523,Bird,Parakeet,Medium,21,7.6,91,129.55,Healthy,Low
524,Rabbit,Dutch,Small,28,22.91,38,118.18,Healthy,High
525,Rabbit,Lionhead,Medium,50,16.65,79,127.35,Healthy,High
526,Cat,Bengal,Small,64,15.32,22,93.89,Healthy,Low
527,Cat,Siamese,Small,32,13.4,8,273.84,Healthy,High
528,Dog,Golden Retriever,Medium,25,10.51,1,188.01,Minor Issues,Low
529,Dog,Boxer,Large,36,19.2,38,57.77,Healthy,Low
530,Rabbit,Havana,Medium,50,12.84,3,131.64,Special Needs,Low
531,Rabbit,Flemish Giant,Medium,1,0.5,10,89.6,Minor Issues,Low
532,Bird,Canary,Medium,1,5.3,22,69.28,Healthy,Medium
533,Bird,Lovebird,Large,22,10.88,24,53.0,Minor Issues,Medium
534,Cat,Ragdoll,Small,6,13.86,27,141.61,Healthy,Medium
535,Rabbit,Flemish Giant,Medium,23,11.66,5,85.93,Special Needs,Medium
536,Bird,Finch,Small,32,19.31,14,168.39,Healthy,Low
537,Rabbit,Dutch,Small,25,0.5,28,169.69,Healthy,Low
538,Dog,Golden Retriever,Medium,70,12.86,105,188.7,Healthy,Medium
539,Cat,Tabby,Small,43,1.09,39,77.38,Healthy,Medium
540,Dog,German Shepherd,Medium,43,16.56,76,143.77,Special Needs,Low
541,Bird,Cockatiel,Large,50,11.43,43,151.62,Healthy,High
542,Cat,Bengal,Small,8,14.52,26,96.29,Healthy,High
543,Dog,Bulldog,Medium,60,6.82,6,81.41,Healthy,High
544,Cat,Bengal,Small,34,19.68,32,200.48,Special Needs,Medium
545,Cat,Sphynx,Large,52,18.25,29,131.37,Healthy,Low
546,Dog,Poodle,Medium,10,15.5,27,151.8,Healthy,Medium
547,Dog,German Shepherd,Large,1,11.22,20,78.9,Healthy,Low
548,Cat,Sphynx,Medium,55,15.48,22,59.04,Minor Issues,Medium
549,Cat,British Shorthair,Small,45,7.76,12,91.53,Healthy,Low
550,Rabbit,Dutch,Medium,14,17.13,21,113.8,Healthy,High
551,Cat,Ragdoll,Large,15,21.9,6,66.79,Healthy,Low
552,Rabbit,Flemish Giant,Medium,63,18.42,49,119.51,Minor Issues,High
553,Cat,Scottish Fold,Large,7,7.62,6,50.0,Healthy,High
554,Cat,Tabby,Large,75,14.17,2,64.0,Healthy,Medium
555,Rabbit,Angora,Small,14,4.24,17,153.55,Healthy,High
556,Cat,Siamese,Small,51,15.43,32,150.19,Minor Issues,Medium
557,Dog,Boxer,Medium,28,14.7,17,100.41,Special Needs,High
558,Dog,Dachshund,Medium,50,0.78,9,69.11,Healthy,Medium
559,Rabbit,Angora,Large,22,5.03,24,68.63,Healthy,High
560,Cat,Tabby,Large,32,10.3,12,101.34,Healthy,Medium
561,Rabbit,English Lop,Medium,36,10.19,81,152.23,Healthy,High
562,Dog,Bulldog,Small,11,4.74,76,166.41,Healthy,Medium
563,Dog,Siberian Husky,Large,53,14.33,20,95.17,Healthy,Medium
564,Dog,Dachshund,Small,23,13.51,11,62.33,Healthy,High
565,Dog,Labrador,Large,30,10.83,40,133.39,Special Needs,High
566,Cat,Siamese,Medium,12,7.47,1,78.82,Healthy,Medium
567,Dog,German Shepherd,Medium,1,18.29,19,94.09,Healthy,Low
568,Cat,Sphynx,Small,31,21.93,12,186.26,Healthy,Medium
569,Bird,Cockatiel,Medium,93,9.1,75,161.36,Healthy,High
570,Dog,Siberian Husky,Medium,54,8.33,0,127.9,Healthy,High
571,Cat,Abyssinian,Medium,35,14.95,24,56.4,Healthy,High
572,Rabbit,Mini Rex,Small,29,9.85,40,130.57,Healthy,Low
573,Dog,Rottweiler,Large,36,11.16,19,173.13,Minor Issues,Medium
574,Cat,Ragdoll,Large,49,16.44,2,101.22,Special Needs,Medium
575,Rabbit,Mini Rex,Small,7,0.54,107,187.56,Healthy,High
576,Bird,Finch,Small,62,19.91,21,184.64,Healthy,Low
577,Dog,Boxer,Small,53,12.44,28,203.19,Healthy,High
578,Bird,Lovebird,Medium,53,9.53,8,135.26,Healthy,Medium
579,Cat,Tabby,Medium,46,11.46,19,149.37,Healthy,Low
580,Dog,Dachshund,Medium,36,11.77,16,190.71,Minor Issues,Medium
581,Cat,Persian,Small,52,1.61,2,142.37,Special Needs,Low
582,Bird,Lovebird,Medium,50,20.97,3,94.94,Special Needs,Medium
583,Cat,Bengal,Medium,27,12.25,54,97.57,Healthy,Low
584,Dog,Beagle,Medium,22,14.66,8,131.93,Minor Issues,Low
585,Cat,Bengal,Large,38,17.71,6,55.47,Minor Issues,High
586,Dog,German Shepherd,Small,73,5.87,21,112.84,Healthy,Low
587,Dog,Boxer,Medium,6,14.84,43,174.83,Healthy,Low
588,Dog,Siberian Husky,Medium,1,10.39,1,50.0,Minor Issues,Medium
589,Dog,Boxer,Medium,39,17.08,25,196.72,Healthy,Medium
590,Dog,Beagle,Large,37,0.5,3,176.12,Healthy,High
591,Dog,Beagle,Medium,40,11.41,1,97.01,Healthy,Medium
592,Cat,Abyssinian,Large,41,8.38,1,147.17,Healthy,High
593,Dog,Siberian Husky,Small,30,14.59,53,120.16,Healthy,Medium
594,Dog,Beagle,Small,71,14.82,3,181.5,Special Needs,Low
595,Rabbit,Netherland Dwarf,Large,1,7.75,1,169.13,Healthy,Low
596,Cat,Maine Coon,Medium,16,7.73,17,50.0,Healthy,Medium
597,Cat,Persian,Small,33,11.34,55,149.36,Healthy,Medium
598,Dog,German Shepherd,Small,1,6.62,9,109.72,Healthy,High
599,Dog,Golden Retriever,Small,31,17.05,16,124.14,Healthy,Medium
600,Dog,Boxer,Large,75,9.78,1,83.59,Healthy,Medium
601,Dog,German Shepherd,Small,36,0.5,17,207.41,Healthy,Low
602,Dog,Golden Retriever,Medium,41,9.75,25,172.0,Healthy,Low
603,Dog,Golden Retriever,Small,5,5.77,25,83.01,Healthy,Medium
604,Dog,Bulldog,Medium,21,2.21,12,53.27,Healthy,Medium
605,Dog,Beagle,Small,26,4.58,11,100.72,Healthy,Medium
606,Cat,Persian,Medium,28,12.66,3,141.73,Healthy,Low
607,Dog,Beagle,Small,66,19.97,13,132.01,Special Needs,Medium
608,Dog,Labrador,Large,49,13.88,3,182.66,Healthy,High
609,Cat,Sphynx,Small,9,8.36,43,159.5,Healthy,Low
610,Cat,Abyssinian,Medium,41,14.74,101,168.48,Healthy,Medium
611,Dog,Dachshund,Large,47,9.25,105,136.34,Healthy,High
612,Rabbit,Mini Rex,Medium,63,7.83,60,50.54,Special Needs,Medium
613,Cat,Scottish Fold,Medium,73,5.07,27,110.22,Healthy,Medium
614,Dog,Poodle,Medium,11,1.49,36,173.0,Healthy,Low
615,Rabbit,Angora,Medium,16,9.66,10,117.42,Healthy,Medium
616,Bird,Parakeet,Medium,5,12.95,29,145.15,Healthy,Low
617,Dog,Rottweiler,Large,30,11.42,18,104.06,Minor Issues,High
618,Dog,Beagle,Medium,47,9.5,19,68.51,Healthy,High
619,Rabbit,Mini Rex,Medium,59,6.33,42,113.83,Healthy,High
620,Rabbit,Angora,Large,34,15.65,9,135.45,Healthy,High
621,Dog,Labrador,Medium,28,4.1,11,87.22,Healthy,Medium
622,Dog,Boxer,Small,39,16.66,77,108.21,Minor Issues,Medium
623,Dog,Siberian Husky,Medium,15,5.99,1,73.03,Healthy,High
624,Cat,Tabby,Large,86,7.49,19,175.96,Healthy,High
625,Cat,Abyssinian,Small,1,3.2,73,105.28,Healthy,Medium
626,Dog,German Shepherd,Medium,40,8.99,28,192.64,Healthy,High
627,Cat,Abyssinian,Small,84,17.85,23,196.44,Healthy,Medium
628,Rabbit,Holland Lop,Medium,36,15.09,8,115.95,Healthy,Medium
629,Dog,Dachshund,Small,31,17.87,12,69.58,Healthy,Medium
630,Dog,Beagle,Medium,27,15.13,57,50.0,Healthy,Low
631,Rabbit,Netherland Dwarf,Large,31,5.38,24,50.0,Healthy,Low
632,Rabbit,Angora,Medium,68,10.02,21,51.31,Special Needs,Low
633,Cat,Maine Coon,Medium,1,7.32,3,188.92,Healthy,Medium
634,Cat,Sphynx,Large,72,19.98,0,125.79,Healthy,Medium
635,Dog,Poodle,Large,1,4.82,99,139.48,Healthy,Medium
636,Cat,Siamese,Small,29,17.36,14,50.0,Healthy,High
637,Cat,Bengal,Medium,25,17.36,27,60.1,Healthy,Medium
638,Dog,Labrador,Small,50,22.98,2,164.35,Minor Issues,Medium
639,Dog,Golden Retriever,Large,1,9.54,34,134.34,Healthy,Low
640,Dog,Bulldog,Large,47,16.27,80,112.64,Healthy,Low
641,Dog,Rottweiler,Medium,84,25.69,25,148.24,Healthy,High
642,Dog,Poodle,Large,3,8.29,4,201.79,Healthy,Medium
643,Dog,Golden Retriever,Medium,40,2.79,26,108.95,Healthy,High
644,Dog,Dachshund,Medium,20,0.72,43,123.47,Minor Issues,Low
645,Dog,Labrador,Small,46,16.28,15,129.63,Healthy,Medium
646,Rabbit,Havana,Large,36,0.7,63,239.61,Healthy,Low
647,Cat,Sphynx,Small,20,9.77,31,50.0,Healthy,Low
648,Cat,Sphynx,Large,47,14.62,68,154.16,Healthy,Low
649,Rabbit,Mini Rex,Large,79,13.11,29,114.26,Healthy,Low
650,Cat,Bengal,Large,31,14.55,4,148.34,Healthy,Medium
651,Dog,Poodle,Small,53,13.33,11,87.13,Healthy,Low
652,Cat,Bengal,Medium,4,19.67,6,117.55,Healthy,High
653,Cat,Tabby,Small,13,6.29,71,155.57,Healthy,Medium
654,Rabbit,Dutch,Medium,47,7.94,42,275.65,Healthy,Low
655,Cat,British Shorthair,Small,71,7.36,33,160.4,Healthy,Low
656,Dog,Boxer,Large,44,16.98,10,77.6,Healthy,Medium
657,Dog,Dachshund,Medium,28,17.4,6,98.81,Healthy,Low
658,Dog,Bulldog,Medium,35,14.71,42,97.33,Healthy,High
659,Cat,Scottish Fold,Medium,5,19.1,19,50.0,Healthy,High
660,Cat,Tabby,Medium,50,4.93,7,103.5,Minor Issues,Low
661,Dog,Labrador,Medium,57,22.0,28,156.64,Healthy,Medium
662,Bird,Quaker Parrot,Medium,25,21.14,1,56.29,Healthy,Low
663,Cat,Sphynx,Large,24,16.41,11,172.42,Healthy,Medium
664,Dog,Golden Retriever,Medium,42,22.69,18,144.39,Healthy,Medium
665,Dog,Bulldog,Large,25,2.06,4,83.29,Healthy,Low
666,Dog,Siberian Husky,Large,34,8.85,125,112.92,Healthy,Low
667,Dog,Dachshund,Small,86,7.59,7,199.92,Healthy,Medium
668,Dog,Rottweiler,Large,30,16.33,4,156.68,Healthy,Medium
669,Dog,Labrador,Small,27,5.7,6,120.44,Healthy,Low
670,Dog,Siberian Husky,Large,20,16.54,43,108.12,Minor Issues,Medium
671,Dog,German Shepherd,Medium,53,20.22,16,123.83,Healthy,Medium
672,Rabbit,Havana,Large,31,16.17,25,94.41,Healthy,High
673,Dog,Golden Retriever,Large,20,13.7,0,50.0,Healthy,Low
674,Cat,Abyssinian,Large,67,6.07,1,222.11,Healthy,High
675,Cat,Scottish Fold,Large,70,6.92,17,127.77,Healthy,Medium
676,Bird,Parakeet,Medium,21,19.5,50,139.91,Healthy,Low
677,Dog,Siberian Husky,Small,1,16.68,64,117.1,Healthy,Medium
678,Dog,Rottweiler,Medium,60,11.77,2,83.24,Healthy,Medium
679,Bird,Canary,Small,19,9.49,23,110.7,Minor Issues,High
680,Rabbit,Havana,Medium,54,0.5,73,50.0,Special Needs,Low
681,Rabbit,Angora,Medium,1,5.57,14,233.85,Healthy,Medium
682,Dog,German Shepherd,Large,57,23.47,53,58.27,Healthy,Medium
683,Dog,Dachshund,Medium,6,4.32,4,68.4,Healthy,High
684,Cat,Abyssinian,Large,53,13.14,82,97.99,Healthy,Medium
685,Bird,Canary,Small,36,18.04,41,184.4,Healthy,High
686,Cat,Maine Coon,Large,13,4.47,85,120.73,Healthy,High
687,Cat,Maine Coon,Large,26,13.11,33,58.19,Special Needs,Low
688,Dog,German Shepherd,Medium,52,17.63,13,182.72,Healthy,High
689,Rabbit,English Lop,Medium,38,12.07,83,156.55,Healthy,High
690,Dog,Dachshund,Large,50,29.21,9,146.92,Healthy,Low
691,Dog,Siberian Husky,Small,83,1.99,12,155.79,Minor Issues,Medium
692,Cat,Abyssinian,Medium,1,18.35,36,239.72,Healthy,Medium
693,Cat,Abyssinian,Medium,74,10.96,43,229.25,Healthy,Low
694,Dog,Siberian Husky,Small,38,16.63,79,85.66,Healthy,Low
695,Dog,Bulldog,Medium,14,14.65,6,201.19,Minor Issues,Low
696,Cat,Maine Coon,Small,4,7.6,47,139.16,Healthy,Low
697,Dog,Beagle,Small,31,13.37,40,144.95,Minor Issues,Medium
698,Cat,Persian,Small,58,0.85,1,50.0,Healthy,Low
699,Dog,Bulldog,Large,32,15.62,14,111.48,Healthy,High
700,Cat,British Shorthair,Medium,72,13.79,9,79.36,Healthy,High
701,Cat,Ragdoll,Large,1,15.83,10,161.4,Healthy,Low
702,Dog,Rottweiler,Medium,35,18.35,122,173.55,Healthy,Medium
703,Dog,Labrador,Medium,5,14.21,30,50.0,Minor Issues,Medium
704,Dog,Rottweiler,Medium,44,12.89,37,118.9,Healthy,High
705,Dog,Siberian Husky,Medium,57,6.71,112,176.09,Healthy,Low
706,Bird,Conure,Small,25,7.73,14,110.67,Healthy,Low
707,Dog,Beagle,Medium,1,19.12,48,156.45,Healthy,High
708,Rabbit,English Lop,Small,40,20.62,17,137.56,Healthy,High
709,Dog,Dachshund,Medium,46,10.57,61,137.08,Healthy,High
710,Cat,Siamese,Medium,45,12.28,5,106.43,Healthy,High
711,Rabbit,Netherland Dwarf,Small,65,6.57,88,59.17,Healthy,Low
712,Cat,Ragdoll,Small,10,19.04,7,63.92,Special Needs,Medium
713,Cat,Sphynx,Large,52,15.99,11,155.47,Healthy,Low
714,Cat,Sphynx,Medium,64,23.65,42,120.97,Minor Issues,Low
715,Dog,German Shepherd,Small,1,6.73,15,113.07,Healthy,High
716,Bird,Conure,Large,43,9.73,28,98.81,Healthy,Low
717,Rabbit,Havana,Small,23,13.39,17,104.74,Healthy,Medium
718,Bird,Finch,Medium,34,15.88,40,172.35,Healthy,High
719,Dog,Golden Retriever,Large,44,10.71,7,103.24,Minor Issues,Low
720,Rabbit,English Lop,Small,24,6.76,1,52.95,Healthy,High
721,Bird,Quaker Parrot,Small,19,17.29,10,157.18,Healthy,High
722,Dog,Golden Retriever,Small,36,16.33,19,109.76,Minor Issues,Medium
723,Dog,Labrador,Medium,9,6.5,5,121.57,Healthy,Low
724,Rabbit,Lionhead,Small,9,20.13,13,200.38,Healthy,Medium
725,Cat,Abyssinian,Medium,52,19.02,15,118.97,Healthy,Medium
726,Rabbit,English Lop,Small,8,12.81,1,134.46,Minor Issues,Medium
727,Dog,Bulldog,Medium,51,12.48,26,61.05,Healthy,Low
728,Rabbit,Flemish Giant,Large,47,15.32,64,109.02,Healthy,High
729,Dog,Bulldog,Large,1,6.83,4,150.48,Healthy,Low
730,Dog,Labrador,Medium,19,12.18,27,50.0,Special Needs,High
731,Dog,Siberian Husky,Medium,64,0.5,32,130.04,Healthy,Low
732,Rabbit,Holland Lop,Medium,12,17.26,16,125.04,Healthy,Medium
733,Cat,Bengal,Medium,24,2.63,36,122.06,Healthy,High
734,Cat,Persian,Medium,47,21.02,15,171.86,Special Needs,Low
735,Dog,German Shepherd,Small,54,10.02,21,136.72,Minor Issues,Low
736,Rabbit,Lionhead,Large,29,10.73,0,193.9,Special Needs,Medium
737,Dog,German Shepherd,Medium,21,8.23,35,70.32,Healthy,High
738,Rabbit,English Lop,Small,70,10.27,32,126.8,Healthy,Medium
739,Cat,Bengal,Medium,77,20.51,1,124.22,Healthy,Medium
740,Dog,Boxer,Medium,59,0.5,13,66.54,Minor Issues,Low
741,Cat,Bengal,Large,38,19.66,115,167.81,Healthy,High
742,Dog,Boxer,Large,16,14.03,16,236.23,Healthy,High
743,Rabbit,Lionhead,Large,16,4.76,20,119.15,Minor Issues,Medium
744,Cat,Persian,Small,48,5.55,72,145.25,Healthy,High
745,Dog,Labrador,Medium,46,22.06,37,124.23,Healthy,Medium
746,Rabbit,English Lop,Medium,69,6.33,26,84.32,Healthy,Medium
747,Dog,Bulldog,Small,51,5.08,47,50.0,Healthy,Low
748,Cat,Maine Coon,Small,1,18.82,59,84.71,Minor Issues,Medium
749,Bird,Macaw,Large,61,14.03,18,50.4,Healthy,Medium
750,Cat,Bengal,Small,12,6.37,19,205.21,Healthy,Low
751,Dog,Rottweiler,Medium,26,13.3,14,114.24,Healthy,Medium
752,Bird,African Grey,Small,42,5.85,102,102.7,Healthy,High
753,Cat,Abyssinian,Small,83,18.6,35,164.46,Healthy,Medium
754,Dog,Rottweiler,Small,110,18.37,2,63.91,Healthy,Medium
755,Dog,Poodle,Large,50,15.19,59,81.66,Healthy,High
756,Rabbit,Holland Lop,Large,31,14.17,19,123.4,Healthy,Low
757,Cat,British Shorthair,Large,48,22.57,2,171.44,Healthy,Medium
758,Cat,Sphynx,Medium,57,12.0,23,145.08,Healthy,High
759,Rabbit,Mini Rex,Small,28,4.91,16,132.42,Minor Issues,Medium
760,Rabbit,Lionhead,Medium,79,14.7,63,123.91,Minor Issues,Medium
761,Dog,Poodle,Medium,41,24.52,6,140.01,Minor Issues,Low
762,Dog,German Shepherd,Large,47,5.91,52,130.08,Healthy,High
763,Dog,Poodle,Small,51,9.83,24,68.5,Healthy,Medium
764,Rabbit,English Lop,Medium,46,14.5,1,122.3,Healthy,High
765,Dog,Boxer,Small,56,11.68,107,66.32,Healthy,Medium
766,Cat,British Shorthair,Medium,21,6.11,21,124.05,Healthy,Medium
767,Rabbit,Angora,Large,22,18.73,10,95.97,Healthy,High
768,Rabbit,Holland Lop,Medium,9,25.92,19,246.97,Special Needs,Medium
769,Dog,Golden Retriever,Medium,46,13.18,58,118.01,Healthy,Medium
770,Rabbit,Mini Rex,Medium,54,6.58,10,50.0,Healthy,Medium
771,Dog,Beagle,Medium,46,2.71,6,113.29,Minor Issues,High
772,Rabbit,Angora,Large,76,13.55,4,145.97,Healthy,Medium
773,Dog,Golden Retriever,Large,35,18.62,10,203.67,Minor Issues,Medium
774,Dog,Golden Retriever,Large,52,14.85,45,90.53,Minor Issues,Low
775,Rabbit,Netherland Dwarf,Large,9,11.99,19,50.0,Special Needs,High
776,Dog,Rottweiler,Medium,26,8.46,7,160.84,Healthy,Low
777,Dog,Beagle,Medium,52,5.45,5,50.97,Healthy,Medium
778,Rabbit,Havana,Medium,56,17.01,12,98.19,Healthy,Medium
779,Rabbit,Netherland Dwarf,Small,28,17.48,84,107.12,Healthy,Medium
780,Cat,Sphynx,Large,34,2.73,12,116.52,Healthy,Medium
781,Cat,Tabby,Small,1,21.54,132,154.46,Healthy,Low
782,Cat,British Shorthair,Large,27,15.44,19,85.82,Healthy,Medium
783,Dog,Beagle,Medium,57,20.4,5,106.31,Healthy,High
784,Dog,Dachshund,Medium,49,3.95,66,119.29,Minor Issues,High
785,Dog,Dachshund,Medium,48,3.81,18,127.48,Minor Issues,Low
786,Bird,Macaw,Large,37,11.11,37,124.89,Healthy,High
787,Cat,Bengal,Medium,36,15.02,123,141.8,Healthy,Medium
788,Cat,Abyssinian,Medium,20,22.78,1,162.19,Minor Issues,High
789,Cat,Scottish Fold,Small,52,16.24,3,139.63,Healthy,Medium
790,Bird,Quaker Parrot,Medium,46,10.54,38,142.68,Minor Issues,Medium
791,Dog,German Shepherd,Small,47,5.84,9,50.0,Special Needs,High
792,Cat,Persian,Large,23,19.38,6,122.51,Healthy,High
793,Cat,Persian,Medium,1,6.21,1,143.98,Minor Issues,Medium
794,Cat,Maine Coon,Medium,62,21.77,0,156.45,Healthy,Low
795,Dog,Siberian Husky,Small,24,10.29,44,85.38,Healthy,Medium
796,Rabbit,Mini Rex,Small,15,21.54,4,87.05,Healthy,Medium
797,Bird,Lovebird,Large,52,16.07,18,91.29,Healthy,Low
798,Cat,Persian,Small,26,11.18,27,146.82,Minor Issues,Low
799,Cat,Tabby,Small,61,8.88,16,171.69,Healthy,High
800,Bird,Lovebird,Small,50,9.95,0,99.63,Healthy,Low
801,Rabbit,Lionhead,Large,52,14.57,45,165.4,Healthy,Medium
802,Dog,Labrador,Large,3,12.46,0,126.17,Minor Issues,Low
803,Cat,British Shorthair,Medium,65,8.44,43,113.79,Special Needs,Medium
804,Cat,Siamese,Small,42,11.01,67,109.43,Minor Issues,Low
805,Cat,Tabby,Medium,27,12.47,17,157.33,Healthy,Low
806,Rabbit,Mini Rex,Large,39,0.5,23,136.28,Healthy,High
807,Bird,Conure,Medium,1,14.75,19,233.79,Healthy,High
808,Bird,Macaw,Small,45,6.12,14,77.39,Healthy,Low
809,Cat,Sphynx,Small,11,5.08,65,145.91,Healthy,Medium
810,Dog,Dachshund,Small,3,1.88,67,93.54,Healthy,Medium
811,Bird,Parakeet,Medium,1,1.24,12,76.54,Healthy,High
812,Rabbit,English Lop,Large,62,3.87,28,119.46,Minor Issues,High
813,Dog,Golden Retriever,Small,20,7.75,78,126.87,Healthy,Medium
814,Bird,African Grey,Small,72,23.72,98,265.91,Healthy,Medium
815,Rabbit,English Lop,Small,23,8.84,21,110.79,Healthy,High
816,Cat,Siamese,Large,1,13.07,18,63.49,Minor Issues,Low
817,Cat,Persian,Small,9,14.4,9,133.65,Minor Issues,Medium
818,Dog,Boxer,Large,65,12.79,95,50.0,Minor Issues,High
819,Dog,Poodle,Medium,32,11.54,4,115.4,Healthy,High
820,Dog,Siberian Husky,Medium,22,4.83,26,120.8,Special Needs,Medium
821,Rabbit,Flemish Giant,Small,39,20.71,9,159.73,Healthy,Medium
822,Dog,Dachshund,Small,48,22.84,9,168.68,Healthy,Medium
823,Dog,Siberian Husky,Medium,62,1.9,15,94.82,Special Needs,Medium
824,Dog,Boxer,Large,70,5.86,180,112.47,Healthy,Medium
825,Cat,Siamese,Medium,27,10.32,1,81.69,Healthy,Medium
826,Bird,Macaw,Medium,4,6.21,25,63.6,Healthy,High
827,Dog,Rottweiler,Small,26,15.04,2,135.49,Healthy,High
828,Dog,Labrador,Large,42,7.63,5,56.32,Special Needs,Low
829,Rabbit,English Lop,Large,12,24.99,17,99.27,Healthy,Medium
830,Cat,Tabby,Small,13,19.14,21,70.24,Healthy,Medium
831,Dog,German Shepherd,Large,44,13.28,8,147.48,Healthy,Medium
832,Cat,Abyssinian,Medium,34,18.16,11,210.07,Healthy,Low
833,Dog,Beagle,Medium,36,18.64,2,54.92,Healthy,Medium
834,Dog,Beagle,Large,17,8.62,10,50.0,Healthy,High
835,Cat,Abyssinian,Large,30,7.1,101,113.76,Healthy,Medium
836,Cat,Sphynx,Medium,13,12.47,86,120.78,Healthy,High
837,Bird,Macaw,Small,57,17.17,12,130.93,Special Needs,High
838,Dog,German Shepherd,Medium,60,12.83,25,97.68,Healthy,Low
839,Cat,Persian,Large,1,2.54,72,109.97,Healthy,Low
840,Cat,Ragdoll,Small,13,7.18,0,138.38,Healthy,High
841,Dog,Golden Retriever,Medium,1,11.56,49,172.02,Healthy,High
842,Cat,Maine Coon,Medium,20,11.55,88,50.0,Minor Issues,Low
843,Dog,Rottweiler,Medium,33,23.84,2,101.55,Special Needs,Low
844,Bird,Macaw,Medium,1,3.68,5,130.69,Healthy,Low
845,Dog,German Shepherd,Large,13,15.03,97,74.1,Minor Issues,High
846,Cat,Abyssinian,Small,11,20.93,23,206.56,Healthy,Low
847,Dog,German Shepherd,Small,40,25.63,0,88.23,Healthy,Medium
848,Bird,Cockatiel,Small,37,9.57,8,117.94,Healthy,High
849,Cat,Bengal,Large,18,14.95,17,147.8,Healthy,Low
850,Cat,Persian,Medium,40,15.42,35,90.44,Healthy,Medium
851,Dog,German Shepherd,Small,22,13.17,39,50.0,Minor Issues,Low
852,Rabbit,Angora,Large,29,11.41,161,98.57,Healthy,High
853,Dog,Rottweiler,Large,76,14.62,10,171.47,Special Needs,Low
854,Rabbit,Netherland Dwarf,Large,68,0.5,23,103.16,Minor Issues,Medium
855,Dog,Labrador,Large,4,16.09,22,77.68,Healthy,Medium
856,Dog,Golden Retriever,Small,55,12.76,15,166.28,Healthy,Low
857,Dog,Bulldog,Large,55,10.67,5,103.46,Healthy,Low
858,Cat,Sphynx,Medium,8,24.28,113,94.49,Special Needs,Medium
859,Cat,Maine Coon,Large,55,7.95,57,127.47,Healthy,Low
860,Dog,Labrador,Large,72,9.58,20,158.54,Healthy,High
861,Rabbit,Holland Lop,Large,9,23.95,27,239.09,Healthy,High
862,Cat,Tabby,Medium,13,7.01,7,161.36,Healthy,Medium
863,Cat,Scottish Fold,Small,60,8.7,23,177.99,Healthy,Medium
864,Cat,Maine Coon,Medium,42,11.12,35,94.7,Healthy,Medium
865,Cat,Persian,Large,49,17.04,21,68.71,Healthy,High
866,Cat,Bengal,Large,44,13.25,139,123.12,Healthy,Medium
867,Dog,Beagle,Small,45,4.24,28,125.36,Healthy,Low
868,Dog,Siberian Husky,Small,4,8.81,13,66.07,Healthy,Low
869,Rabbit,English Lop,Small,61,8.36,44,111.24,Healthy,Medium
870,Bird,Macaw,Large,64,11.54,5,139.97,Healthy,Medium
871,Dog,German Shepherd,Large,30,14.56,14,138.02,Healthy,Medium
872,Dog,Siberian Husky,Small,34,14.51,12,145.21,Healthy,Low
873,Cat,Maine Coon,Medium,1,1.34,16,134.55,Healthy,High
874,Cat,Sphynx,Large,48,18.38,45,94.65,Healthy,Low
875,Dog,Boxer,Large,49,13.52,19,94.3,Healthy,Low
876,Dog,Boxer,Medium,34,20.31,47,60.05,Healthy,Medium
877,Rabbit,Netherland Dwarf,Medium,62,14.67,25,209.24,Healthy,Low
878,Cat,Ragdoll,Medium,27,18.61,12,120.67,Minor Issues,Medium
879,Dog,Siberian Husky,Small,49,14.8,49,108.76,Minor Issues,Medium
880,Dog,Beagle,Medium,11,20.08,8,73.56,Minor Issues,Medium
881,Dog,Bulldog,Medium,35,15.13,7,266.78,Minor Issues,Medium
882,Cat,Persian,Large,31,11.41,21,66.33,Healthy,Low
883,Dog,Bulldog,Medium,41,25.63,9,98.56,Healthy,Low
884,Dog,Boxer,Large,27,17.33,0,140.79,Healthy,High
885,Rabbit,Havana,Small,32,15.44,31,150.01,Healthy,Medium
886,Dog,Rottweiler,Medium,55,4.34,21,167.9,Healthy,Medium
887,Cat,Siamese,Small,25,4.27,17,210.38,Minor Issues,Low
888,Dog,Bulldog,Small,1,13.76,102,145.31,Healthy,Medium
889,Dog,Beagle,Large,77,12.87,25,67.2,Healthy,Medium
890,Dog,Rottweiler,Large,69,8.32,59,107.15,Healthy,Medium
891,Rabbit,English Lop,Small,4,12.85,4,135.39,Healthy,High
892,Rabbit,Netherland Dwarf,Medium,52,21.53,25,223.41,Healthy,Low
893,Rabbit,Mini Rex,Large,23,16.17,60,50.11,Minor Issues,Low
894,Dog,Rottweiler,Small,42,5.15,26,180.13,Healthy,High
895,Cat,Ragdoll,Medium,43,11.33,37,129.0,Minor Issues,High
896,Dog,Golden Retriever,Large,30,7.17,13,161.89,Healthy,Low
897,Dog,Siberian Husky,Medium,17,9.67,2,114.9,Minor Issues,Medium
898,Rabbit,Dutch,Small,19,9.52,18,77.88,Healthy,Low
899,Dog,Bulldog,Medium,14,9.13,15,157.54,Healthy,Low
900,Dog,Labrador,Large,16,4.47,60,152.72,Healthy,Medium
901,Dog,Bulldog,Medium,34,11.23,8,168.6,Minor Issues,Low
902,Dog,Poodle,Small,18,8.64,102,119.33,Special Needs,High
903,Dog,Poodle,Large,52,0.5,95,90.01,Healthy,Medium
904,Cat,Maine Coon,Small,71,24.32,8,50.0,Healthy,Low
905,Cat,Sphynx,Large,22,18.53,12,160.97,Special Needs,Low
906,Rabbit,Holland Lop,Small,41,9.74,67,141.19,Healthy,High
907,Rabbit,Lionhead,Large,47,12.11,101,71.71,Healthy,Low
908,Dog,Siberian Husky,Medium,47,4.97,17,93.07,Healthy,Medium
909,Dog,German Shepherd,Medium,37,22.17,11,96.66,Healthy,Medium
910,Dog,Poodle,Small,53,23.38,22,50.0,Minor Issues,Medium
911,Cat,Sphynx,Medium,47,12.94,34,79.12,Minor Issues,Medium
912,Dog,Siberian Husky,Large,6,18.14,9,63.31,Healthy,Low
913,Cat,Tabby,Large,56,13.05,40,99.38,Healthy,Low
914,Cat,Abyssinian,Medium,57,3.98,1,83.07,Minor Issues,Low
915,Cat,Persian,Medium,17,9.53,1,50.0,Healthy,Medium
916,Cat,Sphynx,Large,36,12.79,14,221.13,Minor Issues,Medium
917,Dog,Siberian Husky,Large,52,9.27,13,182.63,Healthy,Low
918,Bird,Parakeet,Medium,30,10.69,11,81.05,Healthy,Low
919,Rabbit,Lionhead,Medium,61,11.45,20,133.62,Special Needs,Medium
920,Dog,Dachshund,Medium,92,11.51,11,140.87,Healthy,Medium
921,Rabbit,Holland Lop,Medium,17,12.31,6,179.55,Healthy,High
922,Cat,Maine Coon,Small,2,5.64,11,79.07,Healthy,Medium
923,Rabbit,Holland Lop,Medium,43,7.7,110,174.61,Healthy,Medium
924,Rabbit,English Lop,Medium,53,4.29,15,92.6,Healthy,Medium
925,Cat,Maine Coon,Large,30,17.87,17,53.21,Special Needs,High
926,Dog,Labrador,Small,70,0.5,25,156.21,Minor Issues,High
927,Dog,Golden Retriever,Medium,3,18.92,122,184.54,Healthy,Medium
928,Cat,Bengal,Medium,52,20.32,8,249.4,Healthy,Low
929,Cat,Scottish Fold,Medium,21,10.19,34,60.01,Healthy,Low
930,Dog,Poodle,Small,77,0.5,37,154.95,Healthy,Medium
931,Dog,Labrador,Medium,83,9.83,28,99.51,Healthy,High
932,Rabbit,Flemish Giant,Medium,17,11.61,2,159.17,Minor Issues,Medium
933,Bird,African Grey,Medium,22,5.94,33,50.0,Healthy,Low
934,Cat,Bengal,Medium,56,8.91,1,56.86,Minor Issues,High
935,Dog,Bulldog,Medium,26,21.18,27,81.21,Healthy,High
936,Dog,Boxer,Large,34,15.99,40,123.95,Healthy,Low
937,Dog,German Shepherd,Small,36,6.45,7,87.95,Healthy,Medium
938,Bird,Cockatiel,Large,1,2.41,55,152.95,Healthy,Medium
939,Dog,Siberian Husky,Medium,35,10.04,0,171.34,Healthy,High
940,Cat,Bengal,Small,19,10.72,55,149.98,Special Needs,High
941,Dog,Dachshund,Small,24,14.98,18,200.94,Healthy,Medium
942,Cat,Bengal,Medium,70,8.79,7,140.79,Special Needs,Medium
943,Cat,Tabby,Large,5,15.07,4,59.16,Healthy,High
944,Rabbit,Angora,Large,55,23.61,91,188.17,Special Needs,Medium
945,Dog,Dachshund,Large,29,16.89,2,89.74,Healthy,Medium
946,Dog,Dachshund,Medium,29,11.71,6,165.52,Special Needs,High
947,Dog,Siberian Husky,Medium,54,10.9,12,198.69,Healthy,Low
948,Bird,Cockatiel,Small,44,9.86,29,142.83,Minor Issues,Medium
949,Rabbit,Dutch,Medium,49,19.08,23,50.0,Special Needs,High
950,Cat,Bengal,Medium,59,8.24,4,74.09,Healthy,High
951,Cat,Maine Coon,Small,28,12.27,10,186.14,Healthy,Medium
952,Cat,Persian,Small,21,12.31,8,111.54,Healthy,Low
953,Dog,Golden Retriever,Medium,9,8.99,7,123.98,Special Needs,Medium
954,Bird,Conure,Large,16,3.77,15,157.94,Healthy,Low
955,Cat,Scottish Fold,Large,106,13.94,36,154.82,Healthy,Low
956,Dog,German Shepherd,Large,65,11.63,7,133.94,Healthy,High
957,Cat,Scottish Fold,Medium,3,15.0,13,109.57,Healthy,Low
958,Dog,Dachshund,Medium,4,8.8,14,104.37,Minor Issues,Medium
959,Dog,Boxer,Medium,47,19.32,112,162.89,Healthy,Medium
960,Rabbit,Lionhead,Large,49,6.74,92,147.68,Healthy,High
961,Dog,Rottweiler,Small,49,22.27,48,107.13,Special Needs,Medium
962,Cat,Abyssinian,Medium,29,1.51,8,174.11,Healthy,Low
963,Dog,Golden Retriever,Large,32,14.61,2,113.55,Healthy,Low
964,Dog,Poodle,Medium,43,14.85,11,77.42,Healthy,Medium
965,Dog,Rottweiler,Medium,38,7.23,9,82.05,Healthy,Medium
966,Dog,Boxer,Medium,1,14.55,21,71.06,Healthy,Medium
967,Rabbit,Mini Rex,Small,30,19.68,45,106.38,Minor Issues,Medium
968,Dog,Poodle,Medium,15,0.5,58,181.69,Healthy,Low
969,Cat,Tabby,Medium,40,15.02,55,79.75,Healthy,Medium
970,Cat,Siamese,Small,107,0.5,13,129.42,Healthy,Medium
971,Cat,Tabby,Small,44,6.21,34,87.17,Healthy,Low
972,Bird,Conure,Large,28,21.77,11,106.98,Minor Issues,Low
973,Rabbit,Dutch,Small,58,8.51,1,50.0,Healthy,Low
974,Dog,Labrador,Medium,47,4.96,36,108.97,Healthy,Low
975,Dog,Dachshund,Small,46,10.81,0,110.31,Healthy,Medium
976,Dog,German Shepherd,Large,50,24.41,15,147.01,Healthy,Low
977,Cat,Ragdoll,Small,85,1.01,11,131.16,Healthy,Low
978,Dog,Labrador,Medium,8,5.69,35,60.08,Healthy,Low
979,Cat,Maine Coon,Large,47,20.98,43,174.21,Healthy,High
980,Cat,Persian,Large,13,23.15,10,130.52,Minor Issues,High
981,Dog,German Shepherd,Small,49,11.38,50,129.92,Healthy,Low
982,Rabbit,Angora,Large,13,4.57,10,119.54,Minor Issues,Medium
983,Dog,Siberian Husky,Medium,25,24.58,17,94.11,Minor Issues,Low
984,Dog,Boxer,Medium,28,21.57,38,130.89,Healthy,Medium
985,Rabbit,Dutch,Small,59,16.07,35,143.78,Healthy,Low
986,Cat,Ragdoll,Small,58,7.13,131,50.0,Healthy,Medium
987,Cat,Sphynx,Large,6,11.71,7,93.06,Healthy,Medium
988,Cat,Siamese,Medium,37,11.04,32,107.25,Minor Issues,High
989,Dog,Boxer,Medium,18,13.99,28,132.81,Healthy,Low
990,Rabbit,Mini Rex,Large,5,20.71,73,179.67,Healthy,High
991,Rabbit,Flemish Giant,Large,30,17.28,5,81.41,Healthy,High
992,Cat,Siamese,Small,28,5.54,41,95.1,Healthy,Low
993,Dog,Bulldog,Medium,94,20.26,25,94.37,Healthy,Medium
994,Cat,Bengal,Small,46,13.88,9,79.92,Minor Issues,Low
995,Dog,Labrador,Large,2,16.12,19,102.64,Healthy,Low
996,Dog,Beagle,Medium,22,20.8,12,158.54,Minor Issues,Low
997,Bird,Finch,Large,60,5.33,25,67.31,Healthy,Medium
998,Dog,Bulldog,Small,86,11.79,65,141.39,Healthy,Medium
999,Bird,African Grey,Small,1,8.81,25,50.0,Healthy,High
1000,Cat,Maine Coon,Small,1,2.59,29,91.93,Healthy,Low
